<application>
  <component name="AppStorage">
    <histories>
      <item value="plain" />
      <item value="derive" />
      <item value="Base class for Binder interfaces. When defining a new interface, * you must derive it from IInterface." />
      <item value="Concatenates the specified string to the end of this string." />
      <item value="XATTR" />
      <item value="Proxying implementation of Context that simply delegates all of its calls to * another Context. Can be subclassed to modify behavior without changing * the original Context. */" />
      <item value="protection Level" />
      <item value="synthesize" />
      <item value="Synthesize" />
      <item value="real play with sound by file" />
      <item value="request Focus" />
      <item value="volume" />
      <item value="Timeout Releaser;" />
      <item value="Releaser" />
      <item value="his function has the MediaPlayer access the low-level power manager * service to control the device's power usage while playing is occurring. * The parameter is a combination of {@link android.os.PowerManager} wake flags. * Use of this method requires {@link android.Manifest.permission#WAKE_LOCK} * permission. * By default, no attempt is made to keep the device awake during playback." />
      <item value="This * can be used when the MediaPlayer is not playing through a SurfaceHolder * set with {@link #setDisplay(SurfaceHolder)} and thus can use the * high-level {@link #setScreenOnWhilePlaying(boolean)} feature." />
      <item value="Set the low-level power management behavior for this MediaPlayer." />
      <item value="Play voice use wakeup lock!" />
      <item value="check play is delayed:false" />
      <item value="multimedia" />
      <item value="Enhanced" />
      <item value="Biz Source" />
      <item value="Biz" />
      <item value="temp File" />
      <item value="merged" />
      <item value="Pair" />
      <item value="which * will be read in order, first &lt;code&gt;s1&lt;/code&gt; * and then &lt;code&gt;s2&lt;/code&gt;, to provide the * bytes to be read from this &lt;code&gt;SequenceInputStream&lt;/code&gt;." />
      <item value="by remembering the two arguments," />
      <item value="* &lt;p&gt;This method may skip more bytes than what are remaining in the * backing file. This produces no exception and the number of bytes skipped * may include some number of bytes that were beyond the EOF of the * backing file. Attempting to read from the stream after skipping past * the end will result in -1 indicating the end of the file." />
      <item value="possibly &lt;code&gt;0&lt;/code&gt;. If &lt;code&gt;n&lt;/code&gt; is negative, the method * will try to skip backwards. In case the backing file does not support * backward skip at its current position, an &lt;code&gt;IOException&lt;/code&gt; is * thrown. The actual number of bytes skipped is returned. If it skips * forwards, it returns a positive value. If it skips backwards, it * returns a negative value." />
      <item value="end up skipping over some smaller number of bytes" />
      <item value="variety" />
      <item value="* Skips over and discards &lt;code&gt;n&lt;/code&gt; bytes of data from the * input stream." />
      <item value="Skips over and discards &lt;code&gt;n&lt;/code&gt; bytes of data from the * input stream. *" />
      <item value="depending on whether the * the object represents a complete file or sub-section of a file. You * should only call this once for a particular asset." />
      <item value="Parcel File Descriptor" />
      <item value="Create and return a new auto-close input stream for this asset. This * will either return a full asset {@link AutoCloseInputStream}, or * an underlying {@link ParcelFileDescriptor.AutoCloseInputStream" />
      <item value="Tuple" />
      <item value="tuple" />
      <item value="payee" />
      <item value="Merge" />
      <item value="thousand" />
      <item value="hundred" />
      <item value="流" />
      <item value="stream" />
      <item value="Params" />
      <item value="Aspect" />
      <item value="Proceeding" />
      <item value="Pointcut" />
      <item value="execution" />
    </histories>
    <option name="languageScores">
      <map>
        <entry key="CHINESE" value="1019" />
        <entry key="ENGLISH" value="1020" />
        <entry key="BULGARIAN" value="3" />
        <entry key="POLISH" value="1" />
        <entry key="FRENCH" value="2" />
        <entry key="FILIPINO" value="1" />
        <entry key="FINNISH" value="1" />
        <entry key="CATALAN" value="1" />
        <entry key="CZECH" value="2" />
        <entry key="ROMANIAN" value="5" />
        <entry key="PORTUGUESE" value="1" />
        <entry key="TURKISH" value="4" />
        <entry key="ITALIAN" value="1" />
      </map>
    </option>
  </component>
  <component name="Settings">
    <option name="ignoreRegExp" value="" />
  </component>
</application>