<application>
  <component name="AppStorage">
    <histories>
      <item value="数据" />
      <item value="字节数组" />
      <item value="字节" />
      <item value="发送命令" />
      <item value="发送数据" />
      <item value="发送" />
      <item value="接收" />
      <item value="命令" />
      <item value="Region" />
      <item value="Permit" />
      <item value="授权" />
      <item value="accessory" />
      <item value="determine" />
      <item value="Cared" />
      <item value="Call" />
      <item value="access" />
      <item value="传输失败" />
      <item value="transport" />
      <item value="Transfer" />
      <item value="replacement" />
      <item value="the regular expression to which this string is to be matched" />
      <item value="Program type already present" />
      <item value="Field" />
      <item value="Nonvirtual" />
      <item value="const" />
      <item value="identifier" />
      <item value="腾讯" />
      <item value="传输" />
      <item value="buff" />
      <item value="缓冲" />
      <item value="buffer" />
      <item value="缓存" />
      <item value="bufer" />
      <item value="buf" />
      <item value="零一" />
      <item value="01" />
      <item value="开关量" />
      <item value="upgrade" />
      <item value="U盘" />
      <item value="mode" />
      <item value="方式" />
      <item value="Upgrade" />
      <item value="Result" />
      <item value="平台商" />
      <item value="供应商" />
      <item value="supplier" />
      <item value="提供商" />
      <item value="交互" />
      <item value="接口" />
      <item value="节点" />
    </histories>
    <option name="languageScores">
      <map>
        <entry key="CHINESE" value="1145" />
        <entry key="ENGLISH" value="1146" />
        <entry key="BULGARIAN" value="3" />
        <entry key="POLISH" value="1" />
        <entry key="FRENCH" value="3" />
        <entry key="FILIPINO" value="1" />
        <entry key="FINNISH" value="1" />
        <entry key="GALICIAN" value="1" />
        <entry key="CATALAN" value="1" />
        <entry key="CZECH" value="2" />
        <entry key="ROMANIAN" value="6" />
        <entry key="PORTUGUESE" value="1" />
        <entry key="TURKISH" value="4" />
        <entry key="GREEK" value="1" />
        <entry key="ITALIAN" value="1" />
      </map>
    </option>
  </component>
  <component name="Settings">
    <option name="ignoreRegExp" value="" />
  </component>
</application>