<application>
  <component name="NotificationConfiguration">
    <notification groupId="Build sync orphan modules" displayType="NONE" shouldLog="false" />
    <notification groupId="Configure Kotlin in Project" displayType="STICKY_BALLOON" shouldLog="false" />
    <notification groupId="Document Translation" shouldLog="false" />
    <notification groupId="Emulator" shouldLog="false" />
    <notification groupId="External Executable Critical Failures" displayType="STICKY_BALLOON" shouldLog="false" />
    <notification groupId="Gradle Notification Group" displayType="NONE" shouldLog="false" />
  </component>
</application>