<application>
  <component name="AppStorage">
    <option name="newTranslationDialogWidth" value="570" />
    <option name="newTranslationDialogX" value="1064" />
    <option name="newTranslationDialogY" value="472" />
    <histories>
      <item value="忽略&#10;" />
      <item value="忽略" />
      <item value="e" />
      <item value="过期&#10;" />
      <item value="保存session Key" />
      <item value="authCode" />
      <item value="session Key Expired Time" />
      <item value="set Session Key Expired Time" />
      <item value="require" />
      <item value="Expired Time" />
      <item value="expires In" />
      <item value="阈值" />
      <item value="yu" />
      <item value="会话密钥" />
      <item value="session Key" />
      <item value="比预计过期时间点相差少于阈值时" />
      <item value="过期" />
      <item value="session Key E" />
      <item value="到期时间" />
      <item value="KEY SESSION KEY" />
      <item value="操作&#10;" />
      <item value="user oper" />
      <item value="操作" />
      <item value="账号密码&#10;" />
      <item value="z" />
      <item value="sms verity" />
      <item value="with&#10;" />
      <item value="with" />
      <item value="withe" />
      <item value="wei" />
      <item value="登录&#10;" />
      <item value="请求参数的处理" />
      <item value="rebase&#10;" />
      <item value="Uniform" />
      <item value="暗码&#10;" />
      <item value="sb setting code allow" />
      <item value="cherry" />
      <item value="c" />
      <item value="单&#10;斜杠&#10;" />
      <item value=" 斜杠&#10;" />
      <item value="斜杠&#10;" />
      <item value="_斜杠&#10;" />
      <item value="_ " />
      <item value="_" />
      <item value="记事本" />
      <item value="便签" />
      <item value="会客室" />
      <item value="匿名" />
      <item value="message" />
      <item value="信息" />
    </histories>
    <option name="languageScores">
      <map>
        <entry key="CHINESE" value="1553" />
        <entry key="ENGLISH" value="1554" />
        <entry key="CHINESE_TRADITIONAL" value="1" />
        <entry key="IRISH" value="1" />
        <entry key="BULGARIAN" value="3" />
        <entry key="POLISH" value="1" />
        <entry key="FRENCH" value="5" />
        <entry key="FILIPINO" value="2" />
        <entry key="FINNISH" value="1" />
        <entry key="GALICIAN" value="3" />
        <entry key="CATALAN" value="4" />
        <entry key="CZECH" value="2" />
        <entry key="LATIN" value="3" />
        <entry key="LATVIAN" value="1" />
        <entry key="ROMANIAN" value="6" />
        <entry key="MALAY" value="1" />
        <entry key="PORTUGUESE" value="3" />
        <entry key="SWEDISH" value="1" />
        <entry key="TURKISH" value="4" />
        <entry key="GREEK" value="2" />
        <entry key="ITALIAN" value="1" />
        <entry key="HINDI" value="1" />
      </map>
    </option>
  </component>
  <component name="Cache">
    <option name="lastTrimTime" value="1609118436162" />
  </component>
  <component name="Settings">
    <option name="ignoreRegExp" value="" />
    <option name="selectTargetLanguageBeforeReplacement" value="true" />
  </component>
</application>