<application>
  <component name="AppStorage">
    <option name="newTranslationDialogCollapseDictViewer" value="false" />
    <option name="newTranslationDialogHeight" value="242" />
    <option name="newTranslationDialogWidth" value="522" />
    <option name="newTranslationDialogX" value="949" />
    <option name="newTranslationDialogY" value="434" />
    <option name="pinNewTranslationDialog" value="true" />
    <histories>
      <item value="NORM" />
      <item value="he minimum priority that a thread can have." />
      <item value="The default priority that is assigned to a thread." />
      <item value="Changes the priority of this thread." />
      <item value="Otherwise, the priority of this thread is set to the smaller of the specified &lt;code&gt;newPriority&lt;code&gt; and the maximum permitted priority of the thread's thread group." />
      <item value="The maximum priority that a thread can have." />
      <item value="The minimum priority that a thread can have." />
      <item value="The synchronization object responsible for this thread's joinsleeppark operations." />
      <item value="blocker Lock" />
      <item value="check Access" />
      <item value="Interrupts this thread. &lt;p&gt; Unless the current thread is interrupting itself, which is always permitted, the {@link checkAccess() checkAccess} method of this thread is invoked, which may cause a {@link SecurityException} to be thrown." />
      <item value="门槛&#10;" />
      <item value="m" />
      <item value="cooperation" />
      <item value="协作&#10;" />
      <item value="x" />
      <item value="doned&#10;" />
      <item value="done&#10;" />
      <item value="done" />
      <item value="don" />
      <item value="activing" />
      <item value="Execute" />
      <item value="Decrypt" />
      <item value="Encrypt" />
      <item value="A handler for rejected tasks that runs the rejected task directly in the calling thread of the {@code execute} method, unless the executor has been shut down, in which case the task is discarded." />
      <item value="A handler for rejected tasks that runs the rejected task directly in the calling thread of the {@code execute} method, unless the executor has been shut down, in which case the task" />
      <item value="Implementations may also initialize priority, name, daemon status, {@code ThreadGroup}, etc." />
      <item value="{@code android.os.Process.THREAD_PRIORITY_URGENT_DISPLAY}." />
      <item value="This corresponds to (but does not have the same value as)" />
      <item value="The maximum priority value allowed for a thread." />
      <item value="equence" />
      <item value="Retrieve the Binder object associated with this interface. You must use this instead of a plain cast, so that proxy objects can return the correct result." />
      <item value="When defining a new interface, you must derive it from IInterface." />
      <item value="you must derive it from IInterface." />
      <item value="duplicate" />
      <item value="复制&#10;" />
      <item value="c" />
      <item value="du" />
      <item value="Progress" />
      <item value="process" />
      <item value="处理" />
      <item value="处理&#10;&#10;" />
      <item value="处理&#10;&#10;&#10;" />
      <item value="process&#10;&#10;" />
      <item value="处理&#10;" />
      <item value="represented" />
      <item value="Buffer Processor" />
      <item value="In addition, it is recommended (but not required) that if and only if the result of x.compareTo(y) is zero, then the result of x.equals(y) should be {@code true}." />
      <item value="e order rule must be both transitive (if {@code x.compareTo(y) &lt; 0} and {@code y.compareTo(z) &lt; 0}, then {@code x.compareTo(z) &lt; 0} must hold) and invertible (the sign of the result of x.compareTo(y) must be equal to the negation of the sign of the result of y.compareTo(x) for all combinations of x and y). &lt;p&gt;" />
      <item value="automatically" />
    </histories>
    <option name="languageScores">
      <map>
        <entry key="CHINESE" value="188" />
        <entry key="ENGLISH" value="189" />
        <entry key="ESTONIAN" value="1" />
        <entry key="BASQUE" value="1" />
        <entry key="BULGARIAN" value="1" />
        <entry key="DANISH" value="2" />
        <entry key="DUTCH" value="1" />
        <entry key="LATIN" value="1" />
        <entry key="MALTESE" value="1" />
      </map>
    </option>
  </component>
  <component name="Cache">
    <option name="lastTrimTime" value="1616983855492" />
  </component>
  <component name="Settings">
    <option name="translateDocumentation" value="true" />
  </component>
</application>