<application>
  <component name="AppStorage">
    <option name="newTranslationDialogWidth" value="554" />
    <option name="newTranslationDialogX" value="771" />
    <option name="newTranslationDialogY" value="544" />
    <histories>
      <item value="compose" />
      <item value="耗费&#10;" />
      <item value="CRYPTED" />
      <item value="CRYPT" />
      <item value="因子&#10;&#10;" />
      <item value="因子&#10;" />
      <item value="encrypt" />
      <item value="Flushes this output stream and forces any buffered output bytes to be written out. The general contract of &lt;code&gt;flush&lt;code&gt; is that calling it is an indication that, if any bytes previously written have been buffered by the implementation of the output stream, such bytes should immediately be written to their intended destination." />
      <item value="that calling it is an indication that, if any bytes previously written have been buffered by the implementation of the output stream, such bytes should immediately be written to their" />
      <item value="indication" />
      <item value="全局&#10;&#10;" />
      <item value="整体&#10;" />
      <item value="主题" />
      <item value="整个&#10;" />
      <item value="一部分&#10;" />
      <item value="一&#10;部分&#10;" />
      <item value=" 部分&#10;" />
      <item value="部分&#10;" />
      <item value="Taurus" />
      <item value="operate" />
      <item value="协作&#10;&#10;" />
      <item value="写作" />
      <item value="IDs are not persistent across USB disconnects." />
      <item value="he device, rather than the device name." />
      <item value="This is a convenience for clients that want to use an integer to represent" />
      <item value="eturns a unique integer ID for the device." />
      <item value="Vendor" />
      <item value="Wrote" />
      <item value="后缀&#10;" />
      <item value="文本&#10;" />
      <item value="w" />
      <item value="生成&#10;" />
      <item value="拼装&#10;" />
      <item value="p" />
      <item value="Disboot" />
      <item value="down" />
      <item value="升级&#10;" />
      <item value="inverted&#10;&#10;" />
      <item value="inverted" />
      <item value="byte数组&#10;" />
      <item value="byte " />
      <item value="buffer&#10;" />
      <item value="InvalidKeyException} indicates exceptional conditions, caused by an invalid key." />
      <item value="nvalidKeyException} indicates exceptional conditions, caused by an invalid key." />
      <item value="ertificate" />
      <item value="left&#10;" />
      <item value="left" />
      <item value="还需" />
      <item value="还需&#10;" />
      <item value="需" />
    </histories>
    <option name="languageScores">
      <map>
        <entry key="CHINESE" value="69" />
        <entry key="ENGLISH" value="70" />
        <entry key="DUTCH" value="1" />
        <entry key="MALTESE" value="1" />
      </map>
    </option>
  </component>
  <component name="Cache">
    <option name="lastTrimTime" value="1615168104894" />
  </component>
  <component name="Settings">
    <option name="translateDocumentation" value="true" />
  </component>
</application>